fullAddress,PROJECT IRR,expectedIncome,BEDS,BedroomBath,interiorSize,propertyType,totalInvestment,assestPrice,closingCosts,UPFRONT DAO LLC FEES,maintenanceReserve,PROJECTED APPRECIATION,PROJECTED CAP RATE,propertyTaxes,insurance,propertyManagement,ANNUAL DAO LLC ADMINISTRATION AND FILING FEES,netRentPerYear,netRentPerMonth,CUMULATIVE NET CASH FLOW YEAR5,CUMULATIVE APPRECIATION GAIN YEAR5,YOUR INVESTMENT YEAR5,TOTAL INVESTMENT VALUE YEAR5,CUMULATIVE NET CASH FLOW YEAR10,CUMULATIVE APPRECIATION GAIN YEAR10,YOUR INVESTMENT YEAR10,TOTAL INVESTMENT VALUE YEAR10,CUMULATIVE NET CASH FLOW YEAR20,CUMULATIVE APPRECIATION GAIN YEAR20,YOUR INVESTMENT YEAR20,TOTAL INVESTMENT VALUE YEAR20,CUMULATIVE NET CASH FLOW YEAR30,CUMULATIVE APPRECIATION GAIN YEAR30,YOUR INVESTMENT YEAR30,TOTAL INVESTMENT VALUE YEAR30
11019 Essex Ave Warren  MI 48089,8.70%,10.60%,2,1,720,single family,"$97,200","$87,284","$4,366",$550,"$5,000",-1.90%,10.60%,$854,$704,$854,$550,"$10,308",$859.00,$26.50,-$4.75,$50,$71.75,$53,-$9.50,$50,$93.50,$106,-$19,$50,$137,$159,-$28.50,$50,$180.50
8646 Ford Ave Warren  MI 48089,8.12%,10.02%,2,1,704,single family,"$110,200","$99,972","$4,678",$550,"$5,000",-1.90%,10.02%,"$1,664",$693,"$1,050",$550,"$11,043",$920.25,$25.05,-$4.75,$50,$70.30,$50.10,-$9.50,$50,$90.60,$100.20,-$19,$50,$131.20,$150.30,-$28.50,$50,$171.80
5401 Odom Ave Fort Worth  TX 76114,9.57%,7.17%,5,3,3698,single family,"$572,148.33","$525,000","$5,250",$600,"$23,807.95",2.40%,7.17%,"$9,751.50","$2,361","$7,665",$500,"$41,042.50","$3,420.21",$14.83,$5.95,$49.61,$70.40,$29.67,$11.91,$49.61,$91.18,$59.33,$23.81,$49.61,$132.76,$89,$35.72,$49.61,$174.33
2515 Coronet Dr Louisville  KY 40216,6.05%,6.55%,3,1,851,single family,"$179,998.44","$167,628.87","$3,355.67",$600,"$8,413.90",-0.50%,6.55%,"$1,176.29","$1,173.48",$893.55,$500,"$11,796.68",$983.06,$16.11,-$1.21,$48.37,$63.27,$32.21,-$2.42,$48.37,$78.17,$64.43,-$4.84,$48.37,$107.96,$96.64,-$7.26,$48.37,$137.76
110 Gardengate Dr Harvest  AL 35749,7.07%,5.97%,3,2,1726,single family,"$313,116.88","$292,515.46","$3,800",$600,"$16,201.42",1.10%,5.97%,$679.10,"$1,128.92","$1,290.30",$500,"$18,691.68","$1,557.64",$14.52,$2.75,$49.91,$67.18,$29.05,$5.49,$49.91,$84.45,$58.10,$10.98,$49.91,$118.99,$87.14,$16.47,$49.91,$153.52
927 Euclid Ave Apt 10 Miami Beach  FL 33139,5.16%,4.76%,2,1.5,804,single family,"$458,358.97","$430,000","$6,450",$600,"$17,686.65",0.40%,4.76%,"$4,235.22","$1,917.76","$3,315",$500,"$21,832.02","$1,819.34",$8.48,$1,$50,$59.48,$16.95,$2,$50,$68.95,$33.90,$4,$50,$87.90,$50.85,$6,$50,$106.85
3133 Estes St Memphis  TN 38115,4.89%,6.69%,3,1.5,1824,single family,"$200,039.11","$175,000","$1,500",$600,"$8,162.81",-1.80%,6.69%,"$2,140.44","$1,226","$1,052.25",$500,"$13,381.31","$1,115.11",$17.61,-$4.81,$53.45,$66.25,$35.22,-$9.62,$53.45,$79.05,$70.45,-$19.24,$53.45,$104.66,$105.67,-$28.86,$53.45,$130.26
665 Chapman St Edwardsville  IL 62025,9.51%,5.91%,4,2,1724,single family,"$218,245.37","$190,000","$2,500",$600,"$1,261.04",3.60%,5.91%,"$4,591.92","$1,339.68","$1,680",$500,"$12,888.40","$1,074.03",$15.86,$9.61,$53.39,$78.86,$31.71,$19.22,$53.39,$104.32,$63.43,$38.44,$53.39,$155.26,$95.14,$57.66,$53.39,$206.19
3933 Walsh St St. Louis  Missouri 63116,12.31%,9.41%,2,1,832,single family,"$88,242.14","$89,175","$1,242",$600,$0,2.90%,9.41%,"$1,270.96",$904,"$1,020",$500,"$8,305.04",$692.09,$20.43,$6.58,$45.35,$72.36,$40.86,$13.15,$45.35,$99.36,$81.72,$26.30,$45.35,$153.37,$122.58,$39.45,$45.35,$207.39
1339 E 115th St Cleveland  OH 44106,11.21%,8.81%,5,2,1450,single family,"$148,450","$125,876","$6,896",$600,"$8,811",2.40%,8.81%,"$2,938",$725,"$1,302",$500,"$13,077","$1,089.75",$22.03,$6,$50,$78.03,$44.05,$12,$50,$106.05,$88.10,$24,$50,$162.10,$132.15,$36,$50,$218.15
621 E Le Claire Rd Eldridge  IA 52748,8.60%,6%,0,0,7800,retail,"$2,488,000","$2,320,000","$5,000",$600,"$46,400",2.60%,6%,$0,$0,"$4,635.45",$500,"$149,379.67","$12,448.31",$15,$6.50,$50,$71.50,$30,$13,$50,$93,$60,$26,$50,$136,$90,$39,$50,$179
1248 S Keeler Ave Chicago  IL 60623,8.11%,4.21%,7,4,3198,fourplex,"$409,089.33","$386,600","$2,518.50",$600,"$18,762.27",3.90%,4.21%,"$1,397.04","$2,386","$1,536",$500,"$36,480.96","$3,040.08",$3.56,$9.50,$48.70,$61.75,$7.11,$18.99,$48.70,$74.80,$14.22,$37.99,$48.70,$100.91,$21.33,$56.98,$48.70,$127.01
12627 Franklin Blvd Lakewood  OH 44107,13.16%,10.36%,8,2,3510,duplex,"$317,878.82","$302,000","$3,010",$600,"$12,268.82",2.80%,10.36%,"$4,688.66","$1,428.73",$768,$500,"$32,934.61","$2,744.55",$2.68,$6.63,$47.36,$56.67,$5.35,$13.26,$47.36,$65.97,$10.70,$26.52,$47.36,$84.58,$16.06,$39.78,$47.36,$103.20
7542 & 7656 S Colfax Ave Chicago  IL 60649,10.77%,7.57%,19,9,7950,two 3-unit properties,"$730,287.85","$707,250","$7,000",$600,"$10,262.85",3.20%,7.57%,"$9,920","$4,998","$5,017.82",$500,"$63,912.18","$5,326.02",$15.62,$7.74,$48.36,$71.72,$31.24,$15.48,$48.36,$95.08,$62.48,$30.95,$48.36,$141.79,$93.72,$46.43,$48.36,$188.51
4318 Clybourne Ave Cleveland  OH 44109,7.97%,5.87%,5,3,1834,triplex,"$246,340.09","$217,500","$1,500",$200,$0,2.10%,5.87%,"$4,859.28","$1,367","$2,083.20",$500,"$14,166.52","$1,180.54",$15.67,$5.60,$53.38,$74.65,$31.33,$11.21,$53.38,$95.92,$62.67,$22.42,$53.38,$138.47,$94,$33.63,$53.38,$181.01
1677 Walker Ave Memphis  TN 38114,5.38%,6.68%,4,2,1676,single family,"$204,184.95","$190,000","$1,500",$600,$0,-1.30%,6.68%,"$1,687.22","$1,150.44","$1,026",$500,"$13,636.34","$1,136.36",$16.90,-$3.29,$50.61,$64.22,$33.81,-$6.58,$50.61,$77.84,$67.61,-$13.16,$50.61,$105.07,$101.42,-$19.74,$50.61,$132.29
14720 Ohio Ave Cleveland  OH 44128,8.15%,6.55%,3,1.5,1296,single family,"$130,122.22","$109,000","$1,500",$200,"$3,017.28",1.60%,6.55%,"$1,093.13",$924.06,$960,$500,"$8,522.81",$710.23,$17.75,$4.42,$55.29,$77.46,$35.50,$8.85,$55.29,$99.63,$70.99,$17.69,$55.29,$143.98,$106.49,$26.54,$55.29,$188.32
5630 Morgan Ford Rd St Louis  MO 63116,9.25%,6.65%,2,1.5,704,single family,"$133,672.88","$120,000","$1,500",$600,"$1,980.22",2.60%,6.65%,"$1,422.67",$774,"$1,008",$500,"$8,895.33",$741.28,$16.73,$6.54,$50.32,$73.59,$33.46,$13.08,$50.32,$96.87,$66.93,$26.17,$50.32,$143.41,$100.39,$39.25,$50.32,$189.96
12028 Wade Park Ave Cleveland  OH 44106,9.93%,7.53%,3,1,1350,single family,"$220,092.52","$200,000","$1,500",$600,"$6,560.32",2.40%,7.53%,"$1,020.51",$675,"$1,632",$500,"$16,572","$1,381.00",$19.50,$6.18,$51.52,$77.20,$39,$12.36,$51.52,$102.89,$78,$24.73,$51.52,$154.25,$117,$37.09,$51.52,$205.62
2094 W 34th Place Cleveland  OH 44113,10.73%,7.93%,3,1,1300,single family,"$203,701.09","$192,000","$1,500",$600,"$9,601.09",2.80%,7.93%,"$1,446.04",$664,"$1,632",$500,"$16,157.96","$1,346.50",$19.26,$6.92,$49.45,$75.63,$38.52,$13.85,$49.45,$101.82,$77.04,$27.69,$49.45,$154.19,$115.56,$41.54,$49.45,$206.55
3834 W Polk St Chicago  IL 60624,8.76%,5.66%,9,3,3500,triplex,"$399,124.20","$395,000","$3,500",$600,$308.01,3.10%,5.66%,"$1,397.04","$2,339","$2,449.50",$500,"$34,514.46","$2,876.21",,,,,,,,,,,,,,,,
428 Cross St Akron  OH 44311,6.37%,4.77%,6,3,1936,triplex,"$264,974.88","$220,000","$1,500",$600,"$3,204.48",1.60%,4.77%,"$2,743.94",$976.04,"$1,983.38",$500,"$19,730.68","$1,644.22",$13.47,$4.48,$56,$73.95,$26.94,$8.96,$56,$91.90,$53.87,$17.92,$56,$127.79,$80.81,$26.88,$56,$163.69
640 N Cicero Ave Chicago  IL 60644,13.54%,10.74%,8,4,6000,mixed use,"$446,773.75","$438,500","$4,385",$600,$0,2.80%,10.74%,"$4,546.28","$5,966.33","$3,864",$500,"$47,773.39","$3,981.12",$24.66,$6.43,$45.92,$77.01,$49.32,$12.86,$45.92,$108.10,$98.64,$25.72,$45.92,$170.27,$147.95,$38.57,$45.92,$232.45
3435-3437 Alberta St St. Louis  MO 63118,11.94%,8.84%,4,4,3850,fourplex,"$269,098.28","$242,000","$2,500",$600,$977.30,3.10%,8.84%,"$1,007.01","$1,235","$2,515.20",$500,"$23,782.79","$1,981.90",$21.85,$8.06,$52.03,$81.95,$43.71,$16.13,$52.03,$111.86,$87.41,$32.26,$52.03,$171.70,$131.12,$48.39,$52.03,$231.53
3634 Bosworth Rd Cleveland  OH 44111,7.74%,5.64%,10,10,6505,multi family,"$457,120","$452,000","$4,520",$600,$0,2.10%,5.64%,"$6,449.23","$7,249","$5,717.76",$500,"$43,176.01","$3,598.00",$9.24,$4.84,$46.09,$60.17,$18.48,$9.68,$46.09,$74.25,$36.96,$19.36,$46.09,$102.41,$55.45,$29.04,$46.09,$130.57
809 Kenmore Blvd Akron  Ohio 44314,6.98%,5.78%,5,5,4788,multy family,"$307,895.85","$266,000","$2,620",$600,"$3,027.33",1.20%,5.78%,"$9,873.48","$1,502","$3,080.28",$500,"$22,548.24","$1,879.02",$4.33,$3.15,$52.45,$59.92,$8.65,$6.29,$52.45,$67.40,$17.31,$12.59,$52.45,$82.35,$25.96,$18.88,$52.45,$97.29
Ohio 3 Property Package Akron  Ohio 44117,7.16%,5.73%,9,4.5,4188,two SFRs and one duplex,"$315,955.73","$302,000","$2,260",$600,"$11,095.73",1.43%,5.73%,"$5,817","$2,547","$2,929.08",$500,"$27,970.92","$2,330.91",$13.90,$3.46,$48.34,$65.69,$27.80,$6.91,$48.34,$83.05,$55.59,$13.83,$48.34,$117.76,$83.39,$20.74,$48.34,$152.46
4551 Sunny View Dr Memphis  TN 38127,6.22%,7.12%,3,1,864,single family,"$99,840.62","$84,021","$1,199",$600,"$8,581.69",-0.90%,7.12%,$587.14,$794.62,$548.55,$500,"$7,109.69",$592.47,$19.12,-$2.47,$54.86,$71.51,$38.24,-$4.94,$54.86,$88.16,$76.47,-$9.87,$54.86,$121.46,$114.71,-$14.81,$54.86,$154.76
9919 S Oglesby Ave Chicago  IL 60617,9.89%,8.39%,3,2,1631,single family,"$172,587.02","$158,000","$2,500",$600,$860.89,1.50%,8.39%,"$1,367.59",$629,"$1,026",$500,"$14,477.41","$1,206.45",$21.02,$3.81,$50.77,$75.60,$42.04,$7.62,$50.77,$100.42,$84.08,$15.23,$50.77,$150.08,$126.11,$22.85,$50.77,$199.73
3427 Sturdevant St Davenport  IA 52806,10.03%,8.03%,3,1,1161,single family,"$95,389.84","$87,650","$1,200",$600,"$5,939.84",2%,8.03%,"$1,988.35",$730.75,$945.60,$500,"$7,655.30",$637.94,$18.67,$4.93,$49.33,$72.93,$37.34,$9.87,$49.33,$96.54,$74.69,$19.73,$49.33,$143.75,$112.03,$29.60,$49.33,$190.96
1432 Sara Ave Akron  Ohio 44305,12.44%,10.84%,3,1,1056,single family,"$92,751.83","$84,000","$1,220",$600,"$3,100.34",1.60%,10.84%,$969.24,$753,$924,$500,"$10,053.76",$837.81,$27.16,$4.02,$50.25,$81.43,$54.32,$8.04,$50.25,$112.61,$108.64,$16.08,$50.25,$174.97,$162.96,$24.12,$50.25,$237.33
445 Lipford St Memphis  TN 38112,9.10%,9.50%,4,2,1199,single family,"$134,996.79","$130,000","$2,500",$600,"$1,132.52",-0.40%,9.50%,"$1,141.14","$1,087.68",$948.75,$500,"$12,822.43","$1,068.54",$22.99,-$0.97,$48.41,$70.44,$45.99,-$1.94,$48.41,$92.46,$91.98,-$3.87,$48.41,$136.52,$137.97,-$5.81,$48.41,$180.57
1456 W 85th St Cleveland  OH 44102,6.28%,3.38%,8,3,3400,triplex,"$212,100","$210,000","$1,500",$600,$0,2.90%,3.38%,"$2,270.37","$1,068","$2,587.20",$500,"$25,914.43","$2,159.54",$8.07,$6.92,$47.75,$62.74,$16.14,$13.85,$47.75,$77.74,$32.28,$27.70,$47.75,$107.72,$48.42,$41.54,$47.75,$137.71
8201 Madison Ave Cleveland  Ohio 44102,11.51%,8.61%,12,6,5440,multy family,"$439,474.78","$430,000","$2,500",$600,"$6,374.78",2.90%,8.61%,"$5,584.34","$1,711","$4,315.20",$500,"$37,829.46","$3,152.46",$17.75,$6.80,$46.89,$71.44,$35.50,$13.60,$46.89,$95.98,$70.99,$27.20,$46.89,$145.08,$106.49,$40.79,$46.89,$194.17
4661 Berta Rd Memphis  TN 38109,9.48%,7.38%,2,1,1035,,"$112,738.44","$97,000","$1,500",$0,$0,2.10%,7.38%,"$1,133.91",$668.78,$617.55,$0,"$8,320.09",$693.34,,,,,,,,,,,,,,,,
7757 Lamphere St Detroit  MI 48239,9.52%,9.12%,3,1,797,single family,"$110,351.27","$94,500","$2,500",$600,"$5,394.07",0.40%,9.12%,"$2,663.17",$718.56,"$1,050",$500,"$10,068.27",$839.02,$24.53,$1.07,$53.39,$78.99,$49.07,$2.14,$53.39,$104.59,$98.13,$4.27,$53.39,$155.79,$147.20,$6.41,$53.39,$206.99
1090 Diagonal Rd Akron  Ohio 44320,10.70%,9.20%,3,1,1144,single family,"$91,307.62","$78,000",$790,$600,$0,1.50%,9.20%,"$1,079.10",$619,$798,$500,"$8,403.90",$700.32,$24.65,$4.04,$53.83,$82.52,$49.31,$8.07,$53.83,$111.21,$98.62,$16.15,$53.83,$168.60,$147.92,$24.22,$53.83,$225.98
8143 S Sangamon St Chicago  IL 60620,12.74%,8.94%,8,2,2500,duplex,"$321,396.35","$313,300","$3,500",$600,"$3,412.03",3.80%,8.94%,"$1,806.12","$1,392","$2,032.84",$500,"$28,733.04","$2,394.42",$18.55,$9.11,$47.93,$75.59,$37.10,$18.21,$47.93,$103.24,$74.20,$36.43,$47.93,$158.55,$111.29,$54.64,$47.93,$213.86
7411 Elton Ave Cleveland  Ohio 44102,12.54%,9.64%,3,1,1069,single family,"$118,471.77","$108,500","$1,080",$600,"$4,952.47",2.90%,9.64%,$575.32,$680,"$1,224",$500,"$11,420.68",$951.72,$21.92,$7.29,$50.28,$79.49,$43.84,$14.58,$50.28,$108.71,$87.69,$29.16,$50.28,$167.13,$131.53,$43.74,$50.28,$225.56
9510 Silk Ave  Cleveland  Ohio 44102 Cleveland  Ohio 44109,10.10%,7.60%,4,2,2204,two single family homes,"$163,286.32","$154,500","$2,000",$600,"$6,186.32",2.50%,7.60%,"$1,191.47","$1,452","$2,016",$500,"$20,040.53","$1,670.04",,,,,,,,,,,,,,,,
14320 Granger Rd Maple Heights  Ohio 44137,9.70%,8.20%,3,2,1812,duplex,"$160,499.79","$135,715","$1,357",$600,"$10,916.76",1.50%,8.20%,"$4,556.39",$748,"$1,728",$500,"$13,167.61","$1,097.30",$21.50,$3.97,$52.95,$78.42,$43,$7.94,$52.95,$103.89,$85.99,$15.89,$52.95,$154.83,$128.99,$23.83,$52.95,$205.76
9423 Denison Ave Cleveland  OH 44102,12.35%,9.45%,4,2,2058,duplex,"$178,111.32","$165,000","$1,500",$600,$533.65,2.90%,9.45%,"$1,825.61",$887.08,"$1,780.80",$500,"$16,066.51","$1,338.88",$23.99,$7.34,$50.61,$81.94,$47.98,$14.68,$50.61,$113.27,$95.96,$29.35,$50.61,$175.92,$143.93,$44.03,$50.61,$238.58
5541 S Peoria St Chicago  IL 60621,12.26%,9.16%,7,2,3418,duplex,"$261,154.50","$255,000","$3,500",$600,$254.50,3.10%,9.16%,"$1,667.33","$1,110","$1,900.26",$500,"$26,302.41","$2,191.87",$7.60,$7.40,$47.77,$62.77,$15.19,$14.81,$47.77,$77.77,$30.38,$29.62,$47.77,$107.77,$45.57,$44.43,$47.77,$137.77
9634 S Green St Chicago  IL 60643,10.13%,7.03%,3,1,1760,single family,"$177,575.59","$151,500","$1,500",$200,$0,3.10%,7.03%,"$2,232.04",$982,"$1,008.90",$500,"$12,477.06","$1,039.75",$18.92,$8.52,$54.99,$82.43,$37.83,$17.05,$54.99,$109.87,$75.67,$34.09,$54.99,$164.75,$113.50,$51.14,$54.99,$219.63
1039 Mt Vernon Rd Memphis  TN 38111,7.12%,6.42%,2,1,1108,single family,"$115,974.48","$98,000","$1,500",$600,"$1,523.46",0.70%,6.42%,"$1,009.64",$936,$603.75,$500,"$7,450.61",$620.88,$17.10,$1.92,$54.89,$73.91,$34.20,$3.84,$54.89,$92.93,$68.39,$7.68,$54.89,$130.97,$102.59,$11.53,$54.89,$169.01
4326 E 175th St Cleveland  OH 44128,8.26%,7.56%,2,1,704,single family,"$95,340.32","$80,000","$1,500",$600,"$4,000",0.70%,7.56%,"$1,621.82",$606,$864,$500,"$7,208.18",$600.68,$19.18,$1.93,$55.05,$76.16,$38.37,$3.85,$55.05,$97.27,$76.74,$7.71,$55.05,$139.50,$115.11,$11.56,$55.05,$181.72
296 Huntington Ave Akron  OH 44306,12.50%,11%,4,1.5,1130,single family,"$95,315.94","$89,000","$1,170",$600,"$1,000.89",1.50%,11%,"$1,200.52","$1,046.27",$450,$500,"$10,483.21",$873.60,$26.90,$3.65,$48.60,$79.15,$53.80,$7.29,$48.60,$109.69,$107.60,$14.58,$48.60,$170.78,$161.40,$21.87,$48.60,$231.87
29172 Oakwood St Inkster  MI 48141,6.67%,7.17%,3,1,1053,single family,"$111,562.75","$97,000","$1,500",$600,$0,-0.50%,7.17%,"$3,005.17",$774.96,$924,$500,"$7,995.87",$666.32,$19.18,-$1.34,$53.50,$71.34,$38.36,-$2.68,$53.50,$89.18,$76.72,-$5.35,$53.50,$124.87,$115.08,-$8.03,$53.50,$160.55
3493 W 119th St Cleveland  Ohio 44111,11.31%,9.21%,2,1,1096,single family,"$103,321.34","$99,100","$1,263",$600,"$2,358.34",2.10%,9.21%,"$1,615.82",$645,$924,$500,"$9,515.18",$792.93,$22.82,$5.11,$48.70,$76.63,$45.63,$10.23,$48.70,$104.56,$91.26,$20.45,$48.70,$160.42,$136.90,$30.68,$48.70,$216.28
3031 W Flournoy St Chicago  IL 60612,8.80%,7.60%,6,2,2500,duplex,"$309,415.87","$305,000","$3,500",$600,"$1,087.81",1.20%,7.60%,"$1,397.04","$1,998","$1,764.33",$500,"$23,524.63","$1,960.39",$10.18,$2.84,$47.33,$60.35,$20.35,$5.68,$47.33,$73.36,$40.70,$11.36,$47.33,$99.39,$61.06,$17.04,$47.33,$125.42
432 W Peebles Rd Memphis  TN 38109,8.45%,8.85%,3,1,1041,single family,"$95,091.65","$88,161","$1,100",$600,"$5,230.65",-0.40%,8.85%,$467.53,$745,$612.18,$500,"$8,415.29",$701.27,$21.15,-$0.99,$49.25,$69.42,$42.31,-$1.97,$49.25,$89.59,$84.61,-$3.94,$49.25,$129.92,$126.92,-$5.91,$49.25,$170.26
16171 Ilene St Detroit  MI 48221,8.13%,8.53%,3,1,1323,,"$144,475.81","$124,000","$1,500",$200,$645.52,-0.40%,8.53%,$795.45,$887.64,"$1,092",$500,"$12,324.91","$1,027.08",$23.28,-$1.09,$54.32,$76.51,$46.55,-$2.17,$54.32,$98.70,$93.10,-$4.35,$54.32,$143.08,$139.66,-$6.52,$54.32,$187.46
251 Wachtel Ave St Louis  MO 63125,9.21%,6.31%,2,1,1386,single family,"$141,332.08","$127,500","$1,500",$200,$986.28,2.90%,6.31%,"$1,815.23","$1,302","$1,089.60",$500,"$8,913.17",$742.76,$16.09,$7.56,$52.14,$75.79,$32.17,$15.12,$52.14,$99.43,$64.34,$30.24,$52.14,$146.72,$96.51,$45.36,$52.14,$194.01
566 Nash St Akron  OH 44306,11.82%,10.32%,5,2,1574,single family,"$100,395.54","$90,000","$1,150",$600,"$4,773.38",1.50%,10.32%,"$1,809.41",$978,$450,$500,"$10,362.59",$863.55,$26.28,$3.78,$50.39,$80.45,$52.56,$7.56,$50.39,$110.51,$105.11,$15.12,$50.39,$170.62,$157.67,$22.68,$50.39,$230.74
4183 E 146th St Cleveland  OH 44128,12.04%,10.44%,3,1,1312,single family,"$93,210.54","$83,500","$1,200",$600,"$3,775.45",1.60%,10.44%,$963.16,$994,"$1,008",$500,"$9,734.84",$811.24,$26.46,$4.02,$50.26,$80.74,$52.92,$8.04,$50.26,$111.23,$105.85,$16.08,$50.26,$172.19,$158.77,$24.12,$50.26,$233.16
542 Sumner St Akron  OH 44304,10.08%,8.48%,5,2,1428,single family,"$128,667.84","$120,000","$1,800",$600,$0,1.60%,8.48%,"$1,496.82","$1,283.29",$450,$500,"$10,909.89",$909.16,$20.86,$3.94,$49.31,$74.11,$41.72,$7.89,$49.31,$98.92,$83.43,$15.78,$49.31,$148.52,$125.15,$23.67,$49.31,$198.13
25 Circle Dr Dixmoor  IL 60426,12.11%,9.21%,4,1,984,single family,"$153,311.53","$130,000","$2,500",$600,"$8,770.36",2.90%,9.21%,"$2,256.58",$665,"$1,060.20",$500,"$14,118.22","$1,176.52",,,,,,,,,,,,,,,,
10917 Fidelity Ave Cleveland  OH 44111,8.91%,6.81%,4,2,1364,single family,"$166,931.94","$146,000","$1,500",$600,"$6,375.37",2.10%,6.81%,"$2,003.01","$1,191.27","$1,310.40",$500,"$11,375.32",$947.94,$19.19,$5.57,$53.08,$77.84,$38.38,$11.15,$53.08,$102.60,$76.75,$22.29,$53.08,$152.13,$115.13,$33.44,$53.08,$201.65
3106 Quiet Lane St. Louis  MO 63114,9.99%,7.29%,2,1,1300,single family,"$101,978.70","$95,750","$1,500",$600,"$4,128.70",2.70%,7.29%,"$1,793.33",$656,"$1,020",$500,"$7,430.67",$619.22,$15.32,$6.68,$49.49,$71.49,$30.63,$13.36,$49.49,$93.49,$61.27,$26.72,$49.49,$137.48,$91.90,$40.09,$49.49,$181.48
3535 Debby Dr Memphis  TN 38127,5.99%,6.89%,3,1,1200,single family,"$116,872.19","$99,000","$1,500",$600,$0,-0.90%,6.89%,"$1,011.20",$846,$629.28,$500,"$8,053.52",$671.13,$18.33,-$2.47,$54.87,$70.73,$36.65,-$4.94,$54.87,$86.58,$73.31,-$9.88,$54.87,$118.30,$109.96,-$14.81,$54.87,$150.01
1133 Bethany Ave Akron  Ohio 44305,11.09%,9.49%,3,1,960,single family,"$80,147.91","$71,000",$680,$600,"$2,135.51",1.60%,9.49%,$797.84,$586,$714,$500,"$7,602.16",$633.51,$24.58,$4.08,$50.95,$79.61,$49.17,$8.15,$50.95,$108.27,$98.33,$16.30,$50.95,$165.59,$147.50,$24.46,$50.95,$222.91
1845 W 48th St Cleveland  Ohio 44102,12.18%,9.28%,6,2,2294,duplex,"$192,521.01","$195,500","$1,955",$600,"$1,065.50",2.90%,9.28%,"$2,688.82",$923,"$1,910.40",$500,"$17,857.78","$1,488.15",$4.59,$6.59,$45.42,$56.59,$9.17,$13.17,$45.42,$67.77,$18.35,$26.34,$45.42,$90.11,$27.52,$39.52,$45.42,$112.46
4920 E 110th St Garfield Heights  OH 44125,8.04%,6.14%,3,2,1100,,"$133,784.62","$112,500","$1,500",$200,"$3,341.64",1.90%,6.14%,"$2,815.65",$838,"$1,075.20",$500,"$8,211.15",$684.26,$16.55,$5.26,$55.35,$77.16,$33.10,$10.52,$55.35,$98.97,$66.20,$21.03,$55.35,$142.58,$99.30,$31.55,$55.35,$186.20
13806 Coit Rd Cleveland  OH 44110,11.84%,9.94%,4,2,2090,single family,"$93,162.07","$85,000","$1,250",$600,"$1,951.23",1.90%,9.94%,$879.49,"$1,360",$919.80,$500,"$9,264.71",$772.06,$24.76,$4.70,$49.47,$78.93,$49.52,$9.40,$49.47,$108.39,$99.04,$18.80,$49.47,$167.31,$148.56,$28.20,$49.47,$226.23
9902 Garfield Ave Cleveland  Ohio 44108,11.31%,9.31%,3,1,1216,single family,"$92,547.65","$78,500","$1,130",$600,"$4,109.53",2%,9.31%,$471.90,$864,"$1,093.44",$500,"$8,614.66",$717.89,$24.74,$5.29,$52.92,$82.95,$49.48,$10.58,$52.92,$112.98,$98.96,$21.17,$52.92,$173.05,$148.44,$31.75,$52.92,$233.11
3557 Carrington Rd Memphis  TN 38111,9.63%,6.83%,2,1,846,single family,"$125,831.14","$103,000","$4,000",$0,$397.74,2.80%,6.83%,$879.55,$660.14,$751.80,$0,"$8,588.45",$715.70,$15.67,$8.56,$61.11,$85.34,$31.35,$17.11,$61.11,$109.57,$62.70,$34.22,$61.11,$158.03,$94.05,$51.33,$61.11,$206.49
254 Bowmanville St Akron  Ohio 44305,12.22%,10.62%,3,1,1024,single family,"$104,165.28","$92,000",$960,$600,"$5,164.12",1.60%,10.62%,"$1,037.08",$792,"$1,008",$500,"$11,062.92",$921.91,$27.53,$4.09,$51.07,$82.68,$55.05,$8.17,$51.07,$114.29,$110.11,$16.34,$51.07,$177.52,$165.16,$24.51,$51.07,$240.74
3850 W 17th St Cleveland  Ohio 44109,12.01%,9.91%,4,2,1820,duplex,"$155,426.26","$147,000","$1,470",$600,"$6,356.26",2.10%,9.91%,"$1,260.37","$1,251","$1,386",$500,"$15,402.63","$1,283.55",$24.18,$5.11,$48.66,$77.95,$48.37,$10.22,$48.66,$107.25,$96.74,$20.44,$48.66,$165.83,$145.10,$30.66,$48.66,$224.42
5003 Deneen Dr Memphis  TN 38109,5.53%,5.93%,3,1.5,903,single family,"$126,654.48","$115,000","$1,500",$200,$837.16,-0.40%,5.93%,$890.03,"$1,225.98",$617.55,$500,"$7,506.44",$625.54,$15.32,-$1.03,$51.31,$65.60,$30.63,-$2.05,$51.31,$79.89,$61.26,-$4.10,$51.31,$108.47,$91.90,-$6.16,$51.31,$137.05
1380 Kimball Cv Memphis  TN 38114,4.33%,5.63%,3,2,1399,single family,"$158,266","$143,000","$2,500",$600,$480.61,-1.30%,5.63%,$815.01,"$1,031.27",$686.55,$500,"$8,907.17",$742.26,$14.29,-$3.34,$51.41,$62.36,$28.58,-$6.68,$51.41,$73.31,$57.17,-$13.37,$51.41,$95.21,$85.75,-$20.05,$51.41,$117.11
8708 Willard Ave Cleveland  OH 44102,11.71%,8.81%,5,2,1900,single family,"$129,929.88","$118,000","$1,500",$600,"$5,448.78",2.90%,8.81%,"$1,188.65",$671,"$1,200",$500,"$11,440.35",$953.36,$21.59,$7.40,$51.04,$80.03,$43.18,$14.80,$51.04,$109.02,$86.36,$29.60,$51.04,$167,$129.54,$44.40,$51.04,$224.98
4245 E 177th Pl Cleveland  OH 44128,8.13%,6.53%,3,1,1008,single family,"$129,801.20","$110,000","$1,500",$200,"$5,149.03",1.60%,6.53%,"$2,572.84",$871,"$1,080",$500,"$8,476.16",$706.35,$8.80,$4.36,$54.49,$67.65,$17.60,$8.72,$54.49,$80.81,$35.20,$17.44,$54.49,$107.13,$52.80,$26.16,$54.49,$133.45
723 12th St Moline  IL 61265,10.38%,8.08%,4,2,1757,single family,"$145,757.03","$132,000","$1,320",$600,"$11,340.05",2.30%,8.08%,"$2,725",$920,"$1,479",$500,"$11,776",$981.33,$20.09,$5.83,$50.73,$76.65,$40.18,$11.67,$50.73,$102.58,$80.36,$23.34,$50.73,$154.42,$120.53,$35,$50.73,$206.27
3038-3040 Sinclair St Memphis  TN 38127,3.09%,3.99%,4,2,1375,duplex,"$161,534.07","$135,000","$2,500",$600,"$1,922.90",-0.90%,3.99%,"$1,180.49","$1,068",$928.05,$500,"$12,463.46","$1,038.62",$7.24,-$2.47,$54.87,$59.64,$14.49,-$4.94,$54.87,$64.42,$28.97,-$9.88,$54.87,$73.96,$43.46,-$14.81,$54.87,$83.51
656 E 126th St Cleveland  Ohio 44108,14.29%,12.29%,4,1,2165,single family,"$76,125.76","$74,280","$1,000",$600,$245.76,2%,12.29%,$637.73,$806,"$1,084.80",$500,"$9,355.47",$779.62,$28.21,$4.70,$46.97,$79.87,$56.41,$9.39,$46.97,$112.77,$112.82,$18.79,$46.97,$178.58,$169.23,$28.18,$46.97,$244.38
1278 E 187th St Cleveland  OH 44110,10.55%,8.65%,3,2,1592,single family,"$86,579.40","$75,000","$1,500",$600,$0,1.90%,8.65%,$772.60,$623,$816,$500,"$7,488.40",$624.03,$14.67,$5.07,$53.34,$73.08,$29.34,$10.13,$53.34,$92.81,$58.67,$20.27,$53.34,$132.28,$88.01,$30.40,$53.34,$171.75
3878 Windermere Rd Memphis  TN 38128,8.53%,6.73%,3,2,1101,single family,"$133,758.33","$115,000","$1,500",$600,"$3,185.76",1.80%,6.73%,$803.05,$722,$666.90,$500,"$9,007.95",$750.66,$17.92,$4.79,$53.24,$75.95,$35.83,$9.58,$53.24,$98.65,$71.66,$19.17,$53.24,$144.07,$107.49,$28.75,$53.24,$189.48
1015 Wycomb Dr Florissant  MO 63033,10.65%,8.25%,3,2,1164,single family,"$140,385.40","$136,413","$1,364",$600,"$2,008.40",2.40%,8.25%,"$1,812.85",$930,"$1,377",$500,"$11,580.15",$965.01,$15.54,$5.70,$47.51,$68.75,$31.07,$11.40,$47.51,$89.98,$62.14,$22.80,$47.51,$132.46,$93.21,$34.21,$47.51,$174.93
20413 Kingsville St Harper Woods  MI 48225,5.11%,5.61%,3,1.5,1104,single family,"$112,896.79","$96,000","$2,500",$600,"$2,218.13",-0.50%,5.61%,"$3,568.71","$1,874.40",$924,$500,"$6,332.89",$527.74,$15.18,-$1.34,$53.73,$67.57,$30.36,-$2.69,$53.73,$81.40,$60.71,-$5.37,$53.73,$109.07,$91.07,-$8.06,$53.73,$136.74
16301 Glendale Ave Cleveland  OH 44128,10.63%,9.03%,3,1,1722,single family,"$116,250","$108,014","$2,236",$600,"$5,400",1.60%,9.03%,"$2,511",$657.22,$867.33,$550,"$10,498.45",$874.87,$22.58,$4,$50,$76.58,$45.15,$8,$50,$103.15,$90.30,$16,$50,$156.30,$135.45,$24,$50,$209.45
1773 Ball Rd Memphis  TN 38114,8.58%,9.88%,3,1,1025,single family,"$91,503.02","$83,450",$835,$600,"$6,618.02",-1.30%,9.88%,$422.50,$791,$649.80,$500,"$9,036.70",$753.06,$24.72,-$3.16,$48.57,$70.14,$49.44,-$6.31,$48.57,$91.70,$98.89,-$12.63,$48.57,$134.83,$148.33,-$18.94,$48.57,$177.96
9583 Pagewood Ave St. Louis  Missouri 63114,9.57%,6.87%,3,1,864,single family,"$125,670.71","$105,000","$1,500",$600,"$8,675.30",2.70%,6.87%,"$1,526.07",$986,"$1,020",$500,"$8,627.93",$718.99,$17.84,$7.25,$53.73,$78.82,$35.68,$14.51,$53.73,$103.91,$71.35,$29.01,$53.73,$154.10,$107.03,$43.52,$53.73,$204.28
16713 Lotus Dr Cleveland  OH 44128,9.72%,8.12%,3,1,1071,single family,"$111,929.37","$105,000","$1,500",$200,"$2,738.14",1.60%,8.12%,"$1,551.67",$732,"$1,032",$500,"$9,084.33",$757.03,$19.76,$3.98,$49.77,$73.51,$39.52,$7.96,$49.77,$97.25,$79.03,$15.93,$49.77,$144.73,$118.55,$23.89,$49.77,$192.21
5133 Dresden Ave St. Louis  MO 63116,12.62%,9.72%,2,1,669,single family,"$110,199.15","$99,360.82","$4,502.18",$600,"$5,736.15",2.90%,9.72%,"$1,346",$668,$999.60,$558,"$10,708.40",$892.37,$24.03,$7.12,$49.09,$80.24,$48.06,$14.24,$49.09,$111.39,$96.12,$28.47,$49.09,$173.68,$144.18,$42.71,$49.09,$235.98
3429 W 8th St Cincinnati  OH 45205,9.55%,7.25%,3,1,1186,single family,"$167,006.48","$155,000","$1,500",$600,"$2,112.61",2.30%,7.25%,$842.69,$895.44,"$1,248",$500,"$12,113.87","$1,009.49",$18.35,$5.86,$50.98,$75.20,$36.71,$11.73,$50.98,$99.41,$73.41,$23.45,$50.98,$147.84,$110.12,$35.18,$50.98,$196.27
333 Illinois Ave Lorain  Ohio 44052,10.35%,8.65%,6,2,3251,duplex,"$198,762.53","$175,000","$1,350",$600,$0,1.70%,8.65%,"$1,724.40","$1,394","$1,809.60",$500,"$17,192","$1,432.67",$21.45,$4.54,$53.36,$79.35,$42.90,$9.07,$53.36,$105.33,$85.80,$18.14,$53.36,$157.31,$128.70,$27.21,$53.36,$209.28
4131 Wright Ave Saint Ann  MO 63074,9.37%,6.77%,2,1,1000,single family,"$125,364.27","$110,500","$2,500",$600,$0,2.60%,6.77%,"$1,541.46","$1,355","$1,320",$500,"$8,483.54",$706.96,$17.67,$6.83,$52.50,$76.99,$35.33,$13.65,$52.50,$101.48,$70.66,$27.30,$52.50,$150.47,$106,$40.95,$52.50,$199.45
3905 E 189th St Cleveland  OH 44122,8.55%,6.05%,3,1,1179,single family,"$128,011.60","$105,000","$1,500",$600,"$4,474.37",2.50%,6.05%,"$2,219.37",$846,$984,$500,"$7,750.63",$645.89,$16.61,$7.01,$56.11,$79.73,$33.22,$14.03,$56.11,$103.35,$66.43,$28.06,$56.11,$150.60,$99.65,$42.08,$56.11,$197.84
7480 Halpin Dr. St. Louis  Missouri 63135,11.26%,8.86%,3,2,1261,single family,"$108,026","$104,000","$3,426",$600,$0,2.40%,8.86%,"$1,063.65",$886,"$1,116.90",$500,"$9,573.45",$797.79,$10.41,$5.64,$46.98,$63.02,$20.81,$11.28,$46.98,$79.07,$41.62,$22.55,$46.98,$111.15,$62.44,$33.83,$46.98,$143.24
18474 Glenmore St Redford  MI 48240,2.64%,4.64%,3,1,1071,single family,"$136,046","$125,000","$1,500",$200,$0,-2%,4.64%,"$5,264.61",$887.64,"$1,440",$500,"$6,307.75",$525.65,$11.86,-$5.11,$51.11,$57.86,$23.72,-$10.22,$51.11,$64.60,$47.43,-$20.44,$51.11,$78.10,$71.15,-$30.67,$51.11,$91.59
12507 Astor Ave Cleveland  Ohio 44135,11.09%,8.99%,3,2,1560,single family,"$119,696.67","$108,000","$1,080",$600,"$3,771.68",2.10%,8.99%,"$1,445.93",$691,"$1,008",$500,"$10,755.07",$896.26,$22.92,$5.34,$50.83,$79.09,$45.85,$10.67,$50.83,$107.35,$91.70,$21.35,$50.83,$163.88,$137.55,$32.02,$50.83,$220.40
883 Alhambra Rd Cleveland  Ohio 44110,10.61%,8.71%,5,2,1824,duplex,"$115,469.95","$110,000","$1,250",$600,"$3,619.95",1.90%,8.71%,"$1,171.62","$1,225","$1,472.52",$500,"$16,666.86","$1,388.91",$21.08,$4.57,$48.07,$73.72,$42.16,$9.13,$48.07,$99.36,$84.31,$18.27,$48.07,$150.65,$126.47,$27.40,$48.07,$201.94
11400 Linnet Ave Cleveland  OH 44111,8.85%,6.75%,3,1,924,single family,"$147,849.89","$135,000","$1,500",$600,"$2,543.51",2.10%,6.75%,"$1,163.51","$1,050.96","$1,104",$500,"$9,981.53",$831.79,$16.91,$5.32,$50.64,$72.87,$33.83,$10.63,$50.64,$95.10,$67.66,$21.27,$50.64,$139.56,$101.48,$31.90,$50.64,$184.03
1848 Baldwin Ave Memphis  Tennessee 38127,7.41%,8.31%,3,1.5,1515,single family,"$117,422.85","$103,750","$1,150",$600,"$3,894.16",-0.90%,8.31%,"$1,377.77",$697,$745.56,$500,"$9,759.67",$813.31,$21.62,-$2.29,$50.88,$70.21,$43.25,-$4.58,$50.88,$89.55,$86.50,-$9.16,$50.88,$128.22,$129.74,-$13.74,$50.88,$166.89
7014 Raymond Ave Saint Louis  MO 63130,10.83%,7.23%,2,1,567,single family,"$103,950","$97,000","$1,500",$600,$0,3.60%,7.23%,"$1,046.42",$816.73,$859.20,$500,"$7,517.58",$626.47,$15.26,$8.60,$47.77,$71.63,$30.53,$17.20,$47.77,$95.49,$61.05,$34.39,$47.77,$143.21,$91.58,$51.59,$47.77,$190.94
4312 E 162nd St Cleveland  OH 44128,7.61%,6.01%,3,1,1224,single family,"$115,216.42","$96,500","$1,500",$200,"$1,426.75",1.60%,6.01%,"$1,461.97",$825,$844.80,$500,"$6,928.23",$577.35,$14.81,$4.44,$55.45,$74.69,$29.61,$8.87,$55.45,$93.93,$59.22,$17.74,$55.45,$132.41,$88.83,$26.62,$55.45,$170.90
6914 Polonia Ave Cleveland  OH 44105,8.96%,7.36%,4,2,1902,duplex,"$117,630.81","$100,000","$1,500",$600,"$2,172.91",1.60%,7.36%,"$1,708.09",$957,"$1,228.80",$500,"$8,662.11",$721.84,$18.72,$4.37,$54.58,$77.67,$37.44,$8.73,$54.58,$100.75,$74.88,$17.47,$54.58,$146.93,$112.33,$26.20,$54.58,$193.10
3514 W 123rd St Cleveland  OH 44111,8.49%,6.39%,2,1,1248,single family,"$124,209.89","$106,000","$1,500",$200,"$3,680.18",2.10%,6.39%,"$1,838.15","$1,043",$984,$500,"$7,934.85",$661.24,$14.78,$5.73,$54.54,$75.05,$29.56,$11.45,$54.54,$95.55,$59.12,$22.91,$54.54,$136.57,$88.68,$34.36,$54.54,$177.58
1174 Tampa Ave Akron  Ohio 44314,11.77%,10.57%,3,2,920,single family,"$83,610","$82,000","$1,010",$600,$0,1.20%,10.57%,"$1,155.84",$665,$840,$500,"$8,839.16",$736.60,$27.54,$2.82,$46.96,$77.32,$55.08,$5.64,$46.96,$107.68,$110.17,$11.27,$46.96,$168.40,$165.25,$16.91,$46.96,$229.12
1388 Penhurst Rd Cleveland  OH 44110,10.54%,8.64%,2,1,796,single family,"$73,297.41","$64,000","$1,500",$600,"$1,767.33",1.90%,8.64%,$722.19,$724,$720,$500,"$6,333.81",$527.82,$19.29,$4.99,$52.48,$76.75,$38.57,$9.97,$52.48,$101.02,$77.15,$19.94,$52.48,$149.57,$115.72,$29.91,$52.48,$198.11
2337 Greenvale Rd Cleveland  OH 44121,8.65%,6.85%,2,1,754,,"$103,934.88","$87,500","$1,500",$200,"$2,192.02",1.80%,6.85%,$942.56,$820.68,$816,$500,"$7,120.76",$593.40,$24.82,$4.95,$54.97,$84.74,$49.64,$9.89,$54.97,$114.50,$99.28,$19.79,$54.97,$174.04,$148.91,$29.68,$54.97,$233.57
3024 W 103rd St Cleveland  OH 44111,13.02%,10.92%,3,1,1374,single family,"$92,054.83","$81,000","$1,500",$600,$148.10,2.10%,10.92%,"$1,004.23",$863,"$1,080",$500,"$10,052.77",$837.73,$5.02,$5.52,$52.61,$63.16,$10.05,$11.05,$52.61,$73.71,$20.10,$22.10,$52.61,$94.80,$30.15,$33.14,$52.61,$115.90
917 Pawnee Ave Memphis  TN 38109,7.73%,5.63%,3,1,864,,"$137,056.74","$100,000",$0,$0,"$1,184.94",2.10%,5.63%,$863.64,$810,$697.20,$0,"$7,718.36",$643.20,$11.48,$6.01,$57.26,$74.75,$22.96,$12.02,$57.26,$92.25,$45.92,$24.05,$57.26,$127.23,$68.88,$36.07,$57.26,$162.22
2724 Chatsworth St Memphis  TN 38127,9.62%,10.52%,2,1,816,single family,"$76,845.33","$72,000","$2,500",$600,"$1,210.08",-0.90%,10.52%,$562.29,$756,$598.50,$500,"$8,083.21",$673.60,$23.15,-$2.08,$46.12,$67.20,$46.30,-$4.15,$46.12,$88.27,$92.61,-$8.30,$46.12,$130.43,$138.91,-$12.45,$46.12,$172.58
19416 Winston St Detroit  MI 48219,9.54%,10.34%,3,1.5,980,single family,"$106,915.82","$105,000","$1,500",$600,$601.11,-0.80%,10.34%,"$1,066.87",$774.96,"$1,008",$500,"$11,050.17",$920.85,$24.65,-$1.91,$47.86,$70.59,$49.30,-$3.83,$47.86,$93.33,$98.59,-$7.66,$47.86,$138.79,$147.89,-$11.49,$47.86,$184.26
329 Stoneham Rd Memphis  TN 38109,6.26%,6.66%,3,1,1000,single family,"$118,239.55","$99,500","$1,500",$200,"$3,777.89",-0.40%,6.66%,"$1,119.92","$1,250.46",$655.50,$500,"$7,874.12",$656.18,$18.47,-$1.10,$55.05,$72.42,$36.94,-$2.20,$55.05,$89.79,$73.88,-$4.40,$55.05,$124.52,$110.82,-$6.61,$55.05,$159.26
3976 Stillwood Dr Memphis  TN 38128,7.36%,5.56%,3,2,1466,single family,"$148,297.75","$125,000","$1,500",$500,"$6,250",1.80%,5.56%,"$1,814.24","$1,089",$710.70,$500,"$8,245.76",$687.15,$14.86,$4.95,$55.02,$74.83,$29.71,$9.90,$55.02,$94.63,$59.42,$19.81,$55.02,$134.25,$89.13,$29.71,$55.02,$173.86
3139 West Blvd Cleveland  OH 44111,10.76%,8.66%,6,2,2788,duplex,"$226,095.94","$202,000","$1,500",$600,"$2,549.20",2.10%,8.66%,"$4,072.39","$1,010","$2,256",$500,"$19,581.61","$1,631.80",$22.23,$5.51,$52.49,$80.23,$44.46,$11.02,$52.49,$107.97,$88.92,$22.05,$52.49,$163.45,$133.38,$33.07,$52.49,$218.94
755 Robinwood Dr Florissant  MO 63033,11.12%,8.72%,3,1,1148,single family,"$121,100","$119,000","$1,500",$600,$0,2.40%,8.72%,"$1,497.12",$826.38,"$1,020",$500,"$10,556.50",$879.71,$20.82,$5.73,$47.76,$74.31,$41.65,$11.46,$47.76,$100.87,$83.29,$22.92,$47.76,$153.98,$124.94,$34.39,$47.76,$207.09
799 Stadelman Ave Akron  Ohio 44320,4.95%,3.45%,6,2,1869,single family,"$119,873.60","$105,000","$1,350",$600,"$4,801.74",1.50%,3.45%,"$1,305.56","$1,031",$525,$500,"$4,138.44",$344.87,$9.03,$3.89,$51.88,$64.80,$18.05,$7.78,$51.88,$77.72,$36.11,$15.56,$51.88,$103.55,$54.16,$23.35,$51.88,$129.39
9710 S Avenue L Ave Chicago  IL 60617,4.97%,3.47%,11,5,4320,triplex,"$476,260.57","$448,500","$6,703.25",$600,"$7,370.54",1.50%,3.47%,"$1,395.03","$3,150","$4,074.45",$500,"$50,340.52","$4,195.04",,,,,,,,,,,,,,,,
15711 Grovewood Ave Cleveland  Ohio 44110,13.98%,12.08%,5,3,2580,triplex,"$196,529.86","$182,000","$1,820",$600,"$12,109.86",1.90%,12.08%,"$1,232.35","$1,028","$2,100",$500,"$23,739.65","$1,978.30",$27.42,$4.72,$49.68,$81.82,$54.85,$9.44,$49.68,$113.97,$109.69,$18.88,$49.68,$178.25,$164.54,$28.32,$49.68,$242.54
566 Sumner St Akron  OH 44311,12.68%,9.01%,4,1,1170,single family,"$119,250","$105,000","$1,050",$600,"$5,250",3.67%,9.01%,"$1,402",$597.40,"$1,152",$500,"$10,748.60",$895.72,$22.53,$9.17,$50,$81.70,$45.05,$18.35,$50,$113.40,$90.10,$36.70,$50,$176.80,$135.15,$55.05,$50,$240.20
703 23rd Ave Rock Island  Illinois 61201,11.11%,8.81%,2,1.5,978,single family,"$82,749.40","$76,000","$1,030",$600,"$5,119.40",2.30%,8.81%,"$1,961.08",$625.37,$963.90,$500,"$7,289.65",$607.47,$20.63,$5.69,$49.47,$75.79,$41.26,$11.38,$49.47,$102.11,$82.52,$22.76,$49.47,154.74,$123.77,$34.13,$49.47,$207.38
10724 Gooding Ave Cleveland  OH 44108,16.98%,14.98%,5,2,2888,duplex,"$105,171","$110,000","$1,250",$600,"$3,631.30",2%,14.98%,$461.04,$989,"$1,851.30",$500,"$15,758.66","$1,313.22",$20.97,$4.39,$43.86,$69.21,$41.93,$8.77,$43.86,$94.56,$83.86,$17.54,$43.86,$145.26,$125.79,$26.32,$43.86,$195.97
4408 17th Ave Rock Island  Illinois 61201,11.24%,8.94%,2,1,1068,single family,"$69,187.75","$64,000","$1,620",$600,"$4,560.77",2.30%,8.94%,"$2,650.96","$1,092",$969,$500,"$6,188.04",$515.67,$19.97,$5.55,$48.23,$73.74,$39.93,$11.09,$48.23,$99.26,$79.87,$22.19,$48.23,$150.28,$119.80,$33.28,$48.23,$201.31
323 E 9th St Davenport  IA 52803,11.29%,9.09%,5,1.5,1550,single family,"$126,704.87","$110,000","$2,200",$600,"$13,904.87",2.20%,9.09%,"$1,414","$1,372.44","$1,650",$550,"$11,513.56",$959.46,$23.34,$5.49,$49.92,$78.75,$46.68,$10.98,$49.92,$107.58,$93.35,$21.96,$49.92,$165.24,$140.03,$32.95,$49.92,$222.89
1584 Hampton Rd Akron  OH 44305,11.74%,10.14%,3,1.5,1232,single family,"$87,719.78","$80,500","$1,000",$600,"$3,166.78",1.60%,10.14%,"$1,527.56","$1,152","$1,122",$500,"$8,898.44",$741.54,$24.57,$3.95,$49.33,$77.84,$49.13,$7.89,$49.33,$106.36,$98.27,$15.79,$49.33,$163.38,$147.40,$23.68,$49.33,$220.41
15555 Millard Ave Markham  IL 60428,12.35%,9.35%,4,2,1350,single family,"$146,618.50","$143,000","$2,500",$600,$518.50,3%,9.35%,"$3,621.07","$1,233","$1,163.34",$500,"$13,714.59","$1,142.88",$21.28,$7.17,$47.77,$76.22,$42.56,$14.33,$47.77,$104.66,$85.13,$28.66,$47.77,$161.56,$127.69,$42.99,$47.77,$218.45
142 13th St Silvis  IL 61282,12.11%,9.61%,3,2.5,2204,duplex,"$129,065.76","$120,000","$1,800",$600,"$5,203.32",2.50%,9.61%,"$3,685.24",$745.42,"$1,683",$500,"$12,406.34","$1,033.86",$23.64,$6.14,$49.14,$78.92,$47.27,$12.29,$49.14,$108.70,$94.55,$24.57,$49.14,$168.26,$141.82,$36.86,$49.14,$227.81
1315 E 114th St Cleveland  OH 44106,12.39%,9.99%,4,1,1456,single family,"$110,442.54","$92,319","$12,535",$600,"$4,988.54",2.40%,9.99%,"$2,115",$578,"$1,071",$500,"$11,036",$919.67,$24.58,$5.86,$48.87,$79.32,$49.16,$11.73,$48.87,$109.76,$98.33,$23.46,$48.87,$170.65,$147.49,$35.19,$48.87,$231.55
10157 Winkler Dr St. Louis  Missouri 63136,12.19%,9.79%,2,1,792,single family,"$80,734.55","$71,948.45","$2,812.55",$600,"$5,373.55",2.40%,9.79%,$986,$540,$751.80,$558,"$7,904.20",$658.68,$24.19,$5.88,$49.01,$79.08,$48.37,$11.76,$49.01,$109.15,$96.75,$23.52,$49.01,$169.28,$145.12,$35.29,$49.01,$229.42
1236 W 7th St Davenport  IA 52802,12.02%,9.42%,4,2,2062,single family,"$74,823.29","$70,260","$1,054",$600,"$2,909.29",2.60%,9.42%,"$1,270.58","$1,065",$859.20,$500,"$7,045.22",$587.10,$24.53,$6.20,$47.72,$78.45,$49.06,$12.41,$47.72,$109.18,$98.11,$24.81,$47.72,$170.65,$147.17,$37.22,$47.72,$232.11
12808 Gruss Ave Cleveland  OH 44108,13.40%,12.10%,4,2,2214,duplex,"$72,571.96","$60,000","$1,500",$600,$0,1.30%,12.10%,$771.93,$826.38,$987,$500,"$8,711.07",$725.92,$30.28,$3.25,$50.05,$83.58,$60.56,$6.51,$50.05,$117.12,$121.12,$13.01,$50.05,$184.18,$181.68,$19.52,$50.05,$251.25
615 Rose Ln Davenport  IA 52802,12.11%,9.51%,3,1.5,1097,single family,"$74,175.17","$68,000","$1,340",$600,"$4,235.17",2.60%,9.51%,"$1,264.52","$1,009",$912.90,$500,"$7,053.58",$587.80,$21.83,$6.29,$48.40,$76.52,$43.66,$12.58,$48.40,$104.64,$87.31,$25.17,$48.40,$160.88,$130.97,$37.75,$48.40,$217.12
26931 Shoreview Ave Euclid  OH 44132,10.91%,9.31%,4,1.5,1728,single family,"$123,320.16","$117,700","$1,776",$600,"$3,244.16",1.60%,9.31%,"$2,872.97",$764.89,"$1,176",$500,"$11,486.14",$957.18,$22.43,$3.80,$47.52,$73.75,$44.86,$7.60,$47.52,$99.98,$89.72,$15.21,$47.52,$152.44,$134.58,$22.81,$47.52,$204.91
783 Leonard St Akron  OH 44307,15.78%,13.08%,3,1,1040,single family,"$75,440.01","$70,000","$1,050",$600,$12.74,2.70%,13.08%,$807.22,$971,"$1,056",$500,"$9,865.78",$822.15,$31.60,$6.73,$49.85,$88.18,$63.21,$13.46,$49.85,$126.52,$126.42,$26.92,$49.85,$203.19,$189.63,$40.38,$49.85,$279.86
614 E 97th St Cleveland  Ohio 44108,12.48%,10.48%,6,3,2113,duplex,"$130,161.93","$115,465","$1,280",$600,"$4,744.77",2%,10.48%,"$1,881.80",$908,"$1,337.28",$500,"$13,636.92","$1,136.41",$27.16,$5.15,$51.53,$83.84,$54.31,$10.31,$51.53,$116.15,$108.63,$20.61,$51.53,$180.77,$162.94,$30.92,$51.53,$245.39
6746 Westwood St Detroit  MI 48228,10.59%,11.69%,2,1,719,single family,"$72,140.95","$64,938","$3,364",$600,"$3,238.95",-1.10%,11.69%,"$1,218",$951,$840,$558,"$8,433",$702.75,$28.09,-$2.68,$48.81,$74.22,$56.18,-$5.37,$48.81,$99.62,$112.36,-$10.74,$48.81,$150.43,$168.54,-$16.11,$48.81,$201.24
918 Frederick Blvd Akron  Ohio 44320,10.24%,8.74%,3,1,1266,single family,"$74,210.01","$65,000","$1,100",$600,"$5,387.11",1.50%,8.74%,"$1,989.84",$790,$735,$500,"$6,485.16",$540.43,$20.22,$3.79,$50.54,$74.55,$40.43,$7.58,$50.54,$98.55,$80.86,$15.16,$50.54,$146.57,$121.30,$22.74,$50.54,$194.58
209 E 13th St Davenport  Iowa 52803,14.50%,12.30%,3,1,1144,single family,"$66,651","$64,965","$1,086",$600,$0,2.20%,12.30%,"$1,232.20","$1,053.61",$955.20,$500,"$8,198.99",$683.25,$27.23,$5.06,$45.96,$78.25,$54.46,$10.11,$45.96,$110.53,$108.93,$20.22,$45.96,$175.11,$163.39,$30.33,$45.96,$239.68
6422 Mount Ave St. Louis  MO 63121,11.20%,8.50%,3,2,1400,single family,"$101,463.72","$97,000","$1,500",$600,"$2,363.72",2.70%,8.50%,"$1,260.63",$765,$969.60,$500,"$8,624.77",$718.73,$16.27,$6.66,$49.30,$72.22,$32.54,$13.31,$49.30,$95.15,$65.08,$26.62,$49.30,$141,$97.61,$39.93,$49.30,$186.85
3561 Daleford Rd Shaker Heights  OH 44120,11.22%,9.02%,6,2,2636,duplex,"$216,504.31","$189,000","$2,500",$600,"$1,608.07",2.20%,9.02%,"$6,005.34","$1,350.36","$2,380.80",$500,"$19,523.50","$1,626.96",$22.03,$5.85,$53.16,$81.04,$44.07,$11.70,$53.16,$108.92,$88.14,$23.39,$53.16,$164.69,$132.21,$35.09,$53.16,$220.45
127 Hausman St Toledo  OH 43608,11.23%,9.33%,3,1,1475,single family,"$79,300","$67,590","$6,160",$550,"$5,000",1.90%,9.33%,$969,$470,$812,$550,"$7,399",$616.58,$23.33,$4.75,$50,$78.08,$46.65,$9.50,$50,$106.15,$93.30,$19,$50,$162.30,$139.95,$28.50,$50,$218.45
1106 29th Ave Rock Island  IL 61201,12.17%,9.87%,3,1,1416,single family,"$82,325.54","$80,000","$1,200",$600,"$7,323.62",2.30%,9.87%,"$2,404.04",$561.26,"$1,008",$500,"$8,126.70",$677.23,$22.95,$5.39,$46.83,$75.16,$45.89,$10.77,$46.83,$103.49,$91.79,$21.54,$46.83,$160.16,$137.68,$32.31,$46.83,$216.82